layer,role,indicator_id,W,bucket_id,lower_bound,upper_bound,lower_inclusive,upper_inclusive,eligible_count,bucket_count,bucket_ratio_of_eligible,nominal_bucket_width,bucket_ratio_minus_nominal_width
C,A,C1_LogMASpread_5_60,120,B00_00_01,0.0,0.01,true,true,1587742,70312,0.04428427288564515,0.01,0.034284272885645145
C,A,C1_LogMASpread_5_60,120,B01_01_05,0.01,0.05,false,true,1587742,79968,0.05036586548696199,0.04,0.010365865486961987
C,A,C1_LogMASpread_5_60,120,B02_05_10,0.05,0.1,false,true,1587742,83530,0.0526093030227833,0.05,0.0026093030227832964
C,A,C1_LogMASpread_5_60,120,B03_10_20,0.1,0.2,false,true,1587742,158145,0.09960371395352645,0.1,-0.0003962860464735568
C,A,C1_LogMASpread_5_60,120,B04_20_30,0.2,0.3,false,true,1587742,149881,0.09439883809838122,0.09999999999999998,-0.005601161901618759
C,A,C1_LogMASpread_5_60,120,B05_30_50,0.3,0.5,false,true,1587742,288213,0.18152382439968207,0.2,-0.018476175600317946
C,A,C1_LogMASpread_5_60,120,B06_50_90,0.5,0.9,false,true,1587742,558141,0.35153129412713147,0.4,-0.048468705872868556
C,A,C1_LogMASpread_5_60,120,B07_90_95,0.9,0.95,false,true,1587742,72744,0.04581600789045072,0.04999999999999993,-0.004183992109549214
C,A,C1_LogMASpread_5_60,120,B08_95_99,0.95,0.99,false,true,1587742,48969,0.030841912602929192,0.040000000000000036,-0.009158087397070844
C,A,C1_LogMASpread_5_60,120,B09_99_100,0.99,1.0,false,true,1587742,77839,0.04902496753250843,0.010000000000000009,0.03902496753250842
C,A,C1_LogMASpread_5_60,250,B00_00_01,0.0,0.01,true,true,1484607,35205,0.02371334636034991,0.01,0.01371334636034991
C,A,C1_LogMASpread_5_60,250,B01_01_05,0.01,0.05,false,true,1484607,68701,0.046275546323033635,0.04,0.0062755463230336345
C,A,C1_LogMASpread_5_60,250,B02_05_10,0.05,0.1,false,true,1484607,79968,0.05386476016885277,0.05,0.003864760168852767
C,A,C1_LogMASpread_5_60,250,B03_10_20,0.1,0.2,false,true,1484607,146397,0.09860993515455606,0.1,-0.0013900648454439474
C,A,C1_LogMASpread_5_60,250,B04_20_30,0.2,0.3,false,true,1484607,142982,0.09630966309602473,0.09999999999999998,-0.0036903369039752443
C,A,C1_LogMASpread_5_60,250,B05_30_50,0.3,0.5,false,true,1484607,279937,0.18855966595873522,0.2,-0.011440334041264794
C,A,C1_LogMASpread_5_60,250,B06_50_90,0.5,0.9,false,true,1484607,561031,0.37789866274374295,0.4,-0.02210133725625707
C,A,C1_LogMASpread_5_60,250,B07_90_95,0.9,0.95,false,true,1484607,67635,0.045557511179726354,0.04999999999999993,-0.00444248882027358
C,A,C1_LogMASpread_5_60,250,B08_95_99,0.95,0.99,false,true,1484607,59421,0.04002473381844488,0.040000000000000036,2.4733818444845623e-05
C,A,C1_LogMASpread_5_60,250,B09_99_100,0.99,1.0,false,true,1484607,43330,0.029186175196533493,0.010000000000000009,0.019186175196533484
C,A,C1_LogMASpread_5_60,500,B00_00_01,0.0,0.01,true,true,1287635,24818,0.019274095531730654,0.01,0.009274095531730654
C,A,C1_LogMASpread_5_60,500,B01_01_05,0.01,0.05,false,true,1287635,58492,0.04542591650584211,0.04,0.005425916505842107
C,A,C1_LogMASpread_5_60,500,B02_05_10,0.05,0.1,false,true,1287635,67780,0.05263914075029026,0.05,0.0026391407502902586
C,A,C1_LogMASpread_5_60,500,B03_10_20,0.1,0.2,false,true,1287635,130392,0.1012647217573303,0.1,0.0012647217573302921
C,A,C1_LogMASpread_5_60,500,B04_20_30,0.2,0.3,false,true,1287635,126432,0.09818931607171287,0.09999999999999998,-0.0018106839282871073
C,A,C1_LogMASpread_5_60,500,B05_30_50,0.3,0.5,false,true,1287635,248071,0.1926563039991923,0.2,-0.007343696000807698
C,A,C1_LogMASpread_5_60,500,B06_50_90,0.5,0.9,false,true,1287635,493344,0.3831396319609206,0.4,-0.01686036803907942
C,A,C1_LogMASpread_5_60,500,B07_90_95,0.9,0.95,false,true,1287635,62924,0.048867885697422016,0.04999999999999993,-0.0011321143025779176
C,A,C1_LogMASpread_5_60,500,B08_95_99,0.95,0.99,false,true,1287635,51700,0.040151129784449784,0.040000000000000036,0.00015112978444974806
C,A,C1_LogMASpread_5_60,500,B09_99_100,0.99,1.0,false,true,1287635,23682,0.018391857941109088,0.010000000000000009,0.008391857941109079
C,B,C2_AdjVWAPSpread_5_60,120,B00_00_01,0.0,0.01,true,true,1563558,64385,0.04117851720243189,0.01,0.031178517202431887
C,B,C2_AdjVWAPSpread_5_60,120,B01_01_05,0.01,0.05,false,true,1563558,78574,0.0502533324635223,0.04,0.0102533324635223
C,B,C2_AdjVWAPSpread_5_60,120,B02_05_10,0.05,0.1,false,true,1563558,82001,0.052445128354688474,0.05,0.002445128354688471
C,B,C2_AdjVWAPSpread_5_60,120,B03_10_20,0.1,0.2,false,true,1563558,152633,0.09761902020903605,0.1,-0.0023809797909639524
C,B,C2_AdjVWAPSpread_5_60,120,B04_20_30,0.2,0.3,false,true,1563558,145091,0.09279540637443574,0.09999999999999998,-0.0072045936255642345
C,B,C2_AdjVWAPSpread_5_60,120,B05_30_50,0.3,0.5,false,true,1563558,281217,0.17985709516372275,0.2,-0.02014290483627726
C,B,C2_AdjVWAPSpread_5_60,120,B06_50_90,0.5,0.9,false,true,1563558,552900,0.35361655915546464,0.4,-0.046383440844535384
C,B,C2_AdjVWAPSpread_5_60,120,B07_90_95,0.9,0.95,false,true,1563558,75058,0.04800461511501332,0.04999999999999993,-0.0019953848849866146
C,B,C2_AdjVWAPSpread_5_60,120,B08_95_99,0.95,0.99,false,true,1563558,51069,0.03266204387685011,0.040000000000000036,-0.007337956123149927
C,B,C2_AdjVWAPSpread_5_60,120,B09_99_100,0.99,1.0,false,true,1563558,80630,0.051568282084834716,0.010000000000000009,0.04156828208483471
C,B,C2_AdjVWAPSpread_5_60,250,B00_00_01,0.0,0.01,true,true,1460423,32985,0.02258592202396155,0.01,0.01258592202396155
C,B,C2_AdjVWAPSpread_5_60,250,B01_01_05,0.01,0.05,false,true,1460423,67279,0.046068159704414406,0.04,0.006068159704414405
C,B,C2_AdjVWAPSpread_5_60,250,B02_05_10,0.05,0.1,false,true,1460423,78258,0.05358584464911878,0.05,0.0035858446491187773
C,B,C2_AdjVWAPSpread_5_60,250,B03_10_20,0.1,0.2,false,true,1460423,142739,0.097738121078619,0.1,-0.002261878921381008
C,B,C2_AdjVWAPSpread_5_60,250,B04_20_30,0.2,0.3,false,true,1460423,139682,0.09564489192514772,0.09999999999999998,-0.00435510807485226
C,B,C2_AdjVWAPSpread_5_60,250,B05_30_50,0.3,0.5,false,true,1460423,274814,0.18817424814591388,0.2,-0.01182575185408613
C,B,C2_AdjVWAPSpread_5_60,250,B06_50_90,0.5,0.9,false,true,1460423,550538,0.3769716034327041,0.4,-0.02302839656729594
C,B,C2_AdjVWAPSpread_5_60,250,B07_90_95,0.9,0.95,false,true,1460423,68954,0.04721508768349992,0.04999999999999993,-0.002784912316500014
C,B,C2_AdjVWAPSpread_5_60,250,B08_95_99,0.95,0.99,false,true,1460423,61116,0.041848149474501564,0.040000000000000036,0.0018481494745015287
C,B,C2_AdjVWAPSpread_5_60,250,B09_99_100,0.99,1.0,false,true,1460423,44058,0.030167971882119084,0.010000000000000009,0.020167971882119076
C,B,C2_AdjVWAPSpread_5_60,500,B00_00_01,0.0,0.01,true,true,1263482,23789,0.018828127349657532,0.01,0.008828127349657532
C,B,C2_AdjVWAPSpread_5_60,500,B01_01_05,0.01,0.05,false,true,1263482,57733,0.04569356745881619,0.04,0.00569356745881619
C,B,C2_AdjVWAPSpread_5_60,500,B02_05_10,0.05,0.1,false,true,1263482,66293,0.05246849579178809,0.05,0.0024684957917880876
C,B,C2_AdjVWAPSpread_5_60,500,B03_10_20,0.1,0.2,false,true,1263482,126774,0.10033700519674993,0.1,0.00033700519674992324
C,B,C2_AdjVWAPSpread_5_60,500,B04_20_30,0.2,0.3,false,true,1263482,124255,0.09834330841278309,0.09999999999999998,-0.001656691587216888
C,B,C2_AdjVWAPSpread_5_60,500,B05_30_50,0.3,0.5,false,true,1263482,243217,0.19249740004210586,0.2,-0.007502599957894152
C,B,C2_AdjVWAPSpread_5_60,500,B06_50_90,0.5,0.9,false,true,1263482,484431,0.3834094985128399,0.4,-0.016590501487160125
C,B,C2_AdjVWAPSpread_5_60,500,B07_90_95,0.9,0.95,false,true,1263482,61708,0.048839635230260504,0.04999999999999993,-0.001160364769739429
C,B,C2_AdjVWAPSpread_5_60,500,B08_95_99,0.95,0.99,false,true,1263482,52045,0.0411917225571872,0.040000000000000036,0.0011917225571871637
C,B,C2_AdjVWAPSpread_5_60,500,B09_99_100,0.99,1.0,false,true,1263482,23237,0.018391239447811684,0.010000000000000009,0.008391239447811675
P,A,P1_NATR14,120,B00_00_01,0.0,0.01,true,true,1623605,128422,0.07909682465870702,0.01,0.06909682465870702
P,A,P1_NATR14,120,B01_01_05,0.01,0.05,false,true,1623605,99126,0.06105302706015318,0.04,0.021053027060153176
P,A,P1_NATR14,120,B02_05_10,0.05,0.1,false,true,1623605,87030,0.053602939138521995,0.05,0.003602939138521992
P,A,P1_NATR14,120,B03_10_20,0.1,0.2,false,true,1623605,148948,0.09173906214873692,0.1,-0.008260937851263084
P,A,P1_NATR14,120,B04_20_30,0.2,0.3,false,true,1623605,139057,0.08564706317115309,0.09999999999999998,-0.01435293682884689
P,A,P1_NATR14,120,B05_30_50,0.3,0.5,false,true,1623605,266211,0.1639629096978637,0.2,-0.03603709030213631
P,A,P1_NATR14,120,B06_50_90,0.5,0.9,false,true,1623605,533290,0.32846043218640003,0.4,-0.07153956781359999
P,A,P1_NATR14,120,B07_90_95,0.9,0.95,false,true,1623605,81315,0.05008299432435845,0.04999999999999993,8.299432435851517e-05
P,A,P1_NATR14,120,B08_95_99,0.95,0.99,false,true,1623605,66495,0.04095515842831231,0.040000000000000036,0.0009551584283122722
P,A,P1_NATR14,120,B09_99_100,0.99,1.0,false,true,1623605,73711,0.04539958918579334,0.010000000000000009,0.035399589185793334
P,A,P1_NATR14,250,B00_00_01,0.0,0.01,true,true,1520247,81288,0.0534702584514227,0.01,0.043470258451422696
P,A,P1_NATR14,250,B01_01_05,0.01,0.05,false,true,1520247,85793,0.05643359269908114,0.04,0.016433592699081137
P,A,P1_NATR14,250,B02_05_10,0.05,0.1,false,true,1520247,84193,0.05538113214497381,0.05,0.0053811321449738075
P,A,P1_NATR14,250,B03_10_20,0.1,0.2,false,true,1520247,142475,0.09371832340402579,0.1,-0.006281676595974214
P,A,P1_NATR14,250,B04_20_30,0.2,0.3,false,true,1520247,132145,0.08692337495157038,0.09999999999999998,-0.013076625048429602
P,A,P1_NATR14,250,B05_30_50,0.3,0.5,false,true,1520247,251718,0.16557704109924243,0.2,-0.03442295890075758
P,A,P1_NATR14,250,B06_50_90,0.5,0.9,false,true,1520247,546397,0.35941330586411285,0.4,-0.04058669413588717
P,A,P1_NATR14,250,B07_90_95,0.9,0.95,false,true,1520247,76615,0.050396415845582986,0.04999999999999993,0.00039641584558305215
P,A,P1_NATR14,250,B08_95_99,0.95,0.99,false,true,1520247,73946,0.04864078008376271,0.040000000000000036,0.008640780083762671
P,A,P1_NATR14,250,B09_99_100,0.99,1.0,false,true,1520247,45677,0.030045775456225207,0.010000000000000009,0.0200457754562252
P,A,P1_NATR14,500,B00_00_01,0.0,0.01,true,true,1322929,54611,0.04128037105543835,0.01,0.03128037105543835
P,A,P1_NATR14,500,B01_01_05,0.01,0.05,false,true,1322929,72979,0.055164714054949285,0.04,0.015164714054949284
P,A,P1_NATR14,500,B02_05_10,0.05,0.1,false,true,1322929,72783,0.055016557955869134,0.05,0.005016557955869132
P,A,P1_NATR14,500,B03_10_20,0.1,0.2,false,true,1322929,127700,0.09652823394150405,0.1,-0.003471766058495959
P,A,P1_NATR14,500,B04_20_30,0.2,0.3,false,true,1322929,118242,0.08937894626242225,0.09999999999999998,-0.010621053737577726
P,A,P1_NATR14,500,B05_30_50,0.3,0.5,false,true,1322929,224601,0.16977555106887823,0.2,-0.030224448931121778
P,A,P1_NATR14,500,B06_50_90,0.5,0.9,false,true,1322929,489404,0.3699397322154099,0.4,-0.030060267784590144
P,A,P1_NATR14,500,B07_90_95,0.9,0.95,false,true,1322929,71717,0.05421077019250466,0.04999999999999993,0.00421077019250473
P,A,P1_NATR14,500,B08_95_99,0.95,0.99,false,true,1322929,63448,0.04796024578794478,0.040000000000000036,0.007960245787944742
P,A,P1_NATR14,500,B09_99_100,0.99,1.0,false,true,1322929,27444,0.02074487746507938,0.010000000000000009,0.01074487746507937
P,B,P2_LogRange20,120,B00_00_01,0.0,0.01,true,true,1619612,56887,0.03512384447633137,0.01,0.02512384447633137
P,B,P2_LogRange20,120,B01_01_05,0.01,0.05,false,true,1619612,86168,0.053202865871579116,0.04,0.013202865871579116
P,B,P2_LogRange20,120,B02_05_10,0.05,0.1,false,true,1619612,86510,0.05341402755721741,0.05,0.003414027557217404
P,B,P2_LogRange20,120,B03_10_20,0.1,0.2,false,true,1619612,158690,0.09798025699982466,0.1,-0.0020197430001753502
P,B,P2_LogRange20,120,B04_20_30,0.2,0.3,false,true,1619612,153564,0.09481530144256772,0.09999999999999998,-0.005184698557432255
P,B,P2_LogRange20,120,B05_30_50,0.3,0.5,false,true,1619612,297575,0.18373227661933847,0.2,-0.016267723380661542
P,B,P2_LogRange20,120,B06_50_90,0.5,0.9,false,true,1619612,587772,0.3629091412017199,0.4,-0.03709085879828011
P,B,P2_LogRange20,120,B07_90_95,0.9,0.95,false,true,1619612,64896,0.0400688559976093,0.04999999999999993,-0.009931144002390632
P,B,P2_LogRange20,120,B08_95_99,0.95,0.99,false,true,1619612,66387,0.04098944685517272,0.040000000000000036,0.0009894468551726876
P,B,P2_LogRange20,120,B09_99_100,0.99,1.0,false,true,1619612,61163,0.03776398297863933,0.010000000000000009,0.027763982978639322
P,B,P2_LogRange20,250,B00_00_01,0.0,0.01,true,true,1516287,41278,0.027223078480525124,0.01,0.017223078480525122
P,B,P2_LogRange20,250,B01_01_05,0.01,0.05,false,true,1516287,73433,0.0484294859746209,0.04,0.008429485974620898
P,B,P2_LogRange20,250,B02_05_10,0.05,0.1,false,true,1516287,81155,0.05352218940081924,0.05,0.003522189400819234
P,B,P2_LogRange20,250,B03_10_20,0.1,0.2,false,true,1516287,148049,0.09763916725527555,0.1,-0.002360832744724456
P,B,P2_LogRange20,250,B04_20_30,0.2,0.3,false,true,1516287,142071,0.09369664186265529,0.09999999999999998,-0.006303358137344686
P,B,P2_LogRange20,250,B05_30_50,0.3,0.5,false,true,1516287,281891,0.1859087362748609,0.2,-0.014091263725139108
P,B,P2_LogRange20,250,B06_50_90,0.5,0.9,false,true,1516287,575112,0.3792896727334601,0.4,-0.02071032726653993
P,B,P2_LogRange20,250,B07_90_95,0.9,0.95,false,true,1516287,74827,0.04934883699457952,0.04999999999999993,-0.0006511630054204104
P,B,P2_LogRange20,250,B08_95_99,0.95,0.99,false,true,1516287,58706,0.0387169447472675,0.040000000000000036,-0.0012830552527325345
P,B,P2_LogRange20,250,B09_99_100,0.99,1.0,false,true,1516287,39765,0.02622524627593589,0.010000000000000009,0.01622524627593588
P,B,P2_LogRange20,500,B00_00_01,0.0,0.01,true,true,1319004,29879,0.022652698551331157,0.01,0.012652698551331156
P,B,P2_LogRange20,500,B01_01_05,0.01,0.05,false,true,1319004,64648,0.049012739915875916,0.04,0.009012739915875916
P,B,P2_LogRange20,500,B02_05_10,0.05,0.1,false,true,1319004,71634,0.0543091605484138,0.05,0.0043091605484138
P,B,P2_LogRange20,500,B03_10_20,0.1,0.2,false,true,1319004,131132,0.09941743921928971,0.1,-0.0005825607807102978
P,B,P2_LogRange20,500,B04_20_30,0.2,0.3,false,true,1319004,124821,0.09463276836158192,0.09999999999999998,-0.005367231638418055
P,B,P2_LogRange20,500,B05_30_50,0.3,0.5,false,true,1319004,243230,0.18440429293618518,0.2,-0.015595707063814829
P,B,P2_LogRange20,500,B06_50_90,0.5,0.9,false,true,1319004,507633,0.38486084955011507,0.4,-0.015139150449884953
P,B,P2_LogRange20,500,B07_90_95,0.9,0.95,false,true,1319004,66478,0.05040015041652641,0.04999999999999993,0.00040015041652647493
P,B,P2_LogRange20,500,B08_95_99,0.95,0.99,false,true,1319004,53952,0.0409035908913089,0.040000000000000036,0.0009035908913088628
P,B,P2_LogRange20,500,B09_99_100,0.99,1.0,false,true,1319004,25597,0.01940630960937192,0.010000000000000009,0.009406309609371912
T,A,T1_ER20,120,B00_00_01,0.0,0.01,true,true,1618814,28024,0.017311439115302932,0.01,0.007311439115302932
T,A,T1_ER20,120,B01_01_05,0.01,0.05,false,true,1618814,71064,0.04389880492755808,0.04,0.0038988049275580777
T,A,T1_ER20,120,B02_05_10,0.05,0.1,false,true,1618814,83432,0.05153896618141429,0.05,0.001538966181414289
T,A,T1_ER20,120,B03_10_20,0.1,0.2,false,true,1618814,163582,0.10105052217240523,0.1,0.0010505221724052272
T,A,T1_ER20,120,B04_20_30,0.2,0.3,false,true,1618814,159823,0.09872845181719456,0.09999999999999998,-0.001271548182805421
T,A,T1_ER20,120,B05_30_50,0.3,0.5,false,true,1618814,313501,0.1936609147190474,0.2,-0.006339085280952617
T,A,T1_ER20,120,B06_50_90,0.5,0.9,false,true,1618814,618915,0.3823261968329901,0.4,-0.01767380316700995
T,A,T1_ER20,120,B07_90_95,0.9,0.95,false,true,1618814,78460,0.04846758182224765,0.04999999999999993,-0.0015324181777522858
T,A,T1_ER20,120,B08_95_99,0.95,0.99,false,true,1618814,57913,0.035774956233390616,0.040000000000000036,-0.0042250437666094195
T,A,T1_ER20,120,B09_99_100,0.99,1.0,false,true,1618814,44100,0.02724216617844916,0.010000000000000009,0.01724216617844915
T,A,T1_ER20,250,B00_00_01,0.0,0.01,true,true,1515495,18833,0.012426962807531533,0.01,0.0024269628075315325
T,A,T1_ER20,250,B01_01_05,0.01,0.05,false,true,1515495,61505,0.04058409958462417,0.04,0.0005840995846241662
T,A,T1_ER20,250,B02_05_10,0.05,0.1,false,true,1515495,79923,0.052737224471212374,0.05,0.002737224471212371
T,A,T1_ER20,250,B03_10_20,0.1,0.2,false,true,1515495,152220,0.10044242970118675,0.1,0.00044242970118674174
T,A,T1_ER20,250,B04_20_30,0.2,0.3,false,true,1515495,150904,0.09957406655911105,0.09999999999999998,-0.00042593344088892593
T,A,T1_ER20,250,B05_30_50,0.3,0.5,false,true,1515495,297883,0.196558220251469,0.2,-0.003441779748531021
T,A,T1_ER20,250,B06_50_90,0.5,0.9,false,true,1515495,594639,0.3923727890887136,0.4,-0.007627210911286431
T,A,T1_ER20,250,B07_90_95,0.9,0.95,false,true,1515495,71221,0.04699520618675746,0.04999999999999993,-0.003004793813242472
T,A,T1_ER20,250,B08_95_99,0.95,0.99,false,true,1515495,62013,0.040919303593875266,0.040000000000000036,0.00091930359387523
T,A,T1_ER20,250,B09_99_100,0.99,1.0,false,true,1515495,26354,0.017389697755518824,0.010000000000000009,0.007389697755518815
T,A,T1_ER20,500,B00_00_01,0.0,0.01,true,true,1318219,16011,0.012145933262985893,0.01,0.0021459332629858927
T,A,T1_ER20,500,B01_01_05,0.01,0.05,false,true,1318219,53196,0.0403544479331583,0.04,0.0003544479331583014
T,A,T1_ER20,500,B02_05_10,0.05,0.1,false,true,1318219,67054,0.05086711692063307,0.05,0.000867116920633064
T,A,T1_ER20,500,B03_10_20,0.1,0.2,false,true,1318219,132553,0.10055461194232522,0.1,0.0005546119423252144
T,A,T1_ER20,500,B04_20_30,0.2,0.3,false,true,1318219,132023,0.1001525543176058,0.09999999999999998,0.00015255431760581584
T,A,T1_ER20,500,B05_30_50,0.3,0.5,false,true,1318219,262589,0.19919982946687917,0.2,-0.000800170533120842
T,A,T1_ER20,500,B06_50_90,0.5,0.9,false,true,1318219,521896,0.39590993605766567,0.4,-0.004090063942334354
T,A,T1_ER20,500,B07_90_95,0.9,0.95,false,true,1318219,64602,0.04900703145683684,0.04999999999999993,-0.0009929685431630947
T,A,T1_ER20,500,B08_95_99,0.95,0.99,false,true,1318219,51702,0.03922110059102471,0.040000000000000036,-0.0007788994089753254
T,A,T1_ER20,500,B09_99_100,0.99,1.0,false,true,1318219,16593,0.012587438050885323,0.010000000000000009,0.0025874380508853143
T,B,T2_AbsTrendT20,120,B00_00_01,0.0,0.01,true,true,1619612,27569,0.017021978103397603,0.01,0.007021978103397603
T,B,T2_AbsTrendT20,120,B01_01_05,0.01,0.05,false,true,1619612,71612,0.04421552816353547,0.04,0.004215528163535466
T,B,T2_AbsTrendT20,120,B02_05_10,0.05,0.1,false,true,1619612,84054,0.05189761498432958,0.05,0.001897614984329575
T,B,T2_AbsTrendT20,120,B03_10_20,0.1,0.2,false,true,1619612,162275,0.10019375010805057,0.1,0.00019375010805056103
T,B,T2_AbsTrendT20,120,B04_20_30,0.2,0.3,false,true,1619612,158608,0.09792962758981781,0.09999999999999998,-0.002070372410182167
T,B,T2_AbsTrendT20,120,B05_30_50,0.3,0.5,false,true,1619612,313484,0.193554999592495,0.2,-0.006445000407505008
T,B,T2_AbsTrendT20,120,B06_50_90,0.5,0.9,false,true,1619612,620918,0.38337453661741205,0.4,-0.01662546338258797
T,B,T2_AbsTrendT20,120,B07_90_95,0.9,0.95,false,true,1619612,79780,0.04925871134568032,0.04999999999999993,-0.000741288654319612
T,B,T2_AbsTrendT20,120,B08_95_99,0.95,0.99,false,true,1619612,54753,0.0338062449524948,0.040000000000000036,-0.006193755047505238
T,B,T2_AbsTrendT20,120,B09_99_100,0.99,1.0,false,true,1619612,46559,0.028747008542786792,0.010000000000000009,0.018747008542786783
T,B,T2_AbsTrendT20,250,B00_00_01,0.0,0.01,true,true,1516287,18357,0.012106547111463728,0.01,0.0021065471114637274
T,B,T2_AbsTrendT20,250,B01_01_05,0.01,0.05,false,true,1516287,61850,0.04079043083532339,0.04,0.0007904308353233885
T,B,T2_AbsTrendT20,250,B02_05_10,0.05,0.1,false,true,1516287,80450,0.05305723784481434,0.05,0.003057237844814334
T,B,T2_AbsTrendT20,250,B03_10_20,0.1,0.2,false,true,1516287,151596,0.09997843416187041,0.1,-2.1565838129594672e-05
T,B,T2_AbsTrendT20,250,B04_20_30,0.2,0.3,false,true,1516287,150009,0.09893179853154449,0.09999999999999998,-0.0010682014684554875
T,B,T2_AbsTrendT20,250,B05_30_50,0.3,0.5,false,true,1516287,298296,0.19672792815608128,0.2,-0.003272071843918728
T,B,T2_AbsTrendT20,250,B06_50_90,0.5,0.9,false,true,1516287,593340,0.3913111436027612,0.4,-0.00868885639723882
T,B,T2_AbsTrendT20,250,B07_90_95,0.9,0.95,false,true,1516287,72592,0.04787484163618101,0.04999999999999993,-0.0021251583638189214
T,B,T2_AbsTrendT20,250,B08_95_99,0.95,0.99,false,true,1516287,62639,0.04131078087459696,0.040000000000000036,0.001310780874596927
T,B,T2_AbsTrendT20,250,B09_99_100,0.99,1.0,false,true,1516287,27158,0.01791085724536318,0.010000000000000009,0.007910857245363171
T,B,T2_AbsTrendT20,500,B00_00_01,0.0,0.01,true,true,1319004,15959,0.012099280972612668,0.01,0.0020992809726126677
T,B,T2_AbsTrendT20,500,B01_01_05,0.01,0.05,false,true,1319004,53771,0.04076636613687298,0.04,0.0007663661368729757
T,B,T2_AbsTrendT20,500,B02_05_10,0.05,0.1,false,true,1319004,67039,0.050825471340496316,0.05,0.0008254713404963129
T,B,T2_AbsTrendT20,500,B03_10_20,0.1,0.2,false,true,1319004,132894,0.1007532956685499,0.1,0.000753295668549897
T,B,T2_AbsTrendT20,500,B04_20_30,0.2,0.3,false,true,1319004,132304,0.10030598845795767,0.09999999999999998,0.0003059884579576927
T,B,T2_AbsTrendT20,500,B05_30_50,0.3,0.5,false,true,1319004,262415,0.19894935875857844,0.2,-0.0010506412414215682
T,B,T2_AbsTrendT20,500,B06_50_90,0.5,0.9,false,true,1319004,517985,0.3927091957264724,0.4,-0.007290804273527629
T,B,T2_AbsTrendT20,500,B07_90_95,0.9,0.95,false,true,1319004,65417,0.04959575558527495,0.04999999999999993,-0.00040424441472498157
T,B,T2_AbsTrendT20,500,B08_95_99,0.95,0.99,false,true,1319004,53891,0.04085734387462055,0.040000000000000036,0.0008573438746205114
T,B,T2_AbsTrendT20,500,B09_99_100,0.99,1.0,false,true,1319004,17329,0.013137943478564128,0.010000000000000009,0.0031379434785641196
V,A,V1_TurnoverShrink20_60,120,B00_00_01,0.0,0.01,true,true,1567078,96074,0.06130773324620727,0.01,0.05130773324620727
V,A,V1_TurnoverShrink20_60,120,B01_01_05,0.01,0.05,false,true,1567078,61519,0.0392571397211881,0.04,-0.0007428602788119021
V,A,V1_TurnoverShrink20_60,120,B02_05_10,0.05,0.1,false,true,1567078,61907,0.03950473428891223,0.05,-0.010495265711087776
V,A,V1_TurnoverShrink20_60,120,B03_10_20,0.1,0.2,false,true,1567078,127203,0.08117209226343551,0.1,-0.018827907736564495
V,A,V1_TurnoverShrink20_60,120,B04_20_30,0.2,0.3,false,true,1567078,130992,0.08358996808072093,0.09999999999999998,-0.016410031919279047
V,A,V1_TurnoverShrink20_60,120,B05_30_50,0.3,0.5,false,true,1567078,282167,0.1800593205954011,0.2,-0.0199406794045989
V,A,V1_TurnoverShrink20_60,120,B06_50_90,0.5,0.9,false,true,1567078,581174,0.370864755934293,0.4,-0.029135244065707
V,A,V1_TurnoverShrink20_60,120,B07_90_95,0.9,0.95,false,true,1567078,59177,0.037762638490234694,0.04999999999999993,-0.012237361509765239
V,A,V1_TurnoverShrink20_60,120,B08_95_99,0.95,0.99,false,true,1567078,45821,0.029239769813627657,0.040000000000000036,-0.010760230186372378
V,A,V1_TurnoverShrink20_60,120,B09_99_100,0.99,1.0,false,true,1567078,121044,0.07724184756597949,0.010000000000000009,0.06724184756597948
V,A,V1_TurnoverShrink20_60,250,B00_00_01,0.0,0.01,true,true,1464003,46361,0.03166728483479884,0.01,0.021667284834798836
V,A,V1_TurnoverShrink20_60,250,B01_01_05,0.01,0.05,false,true,1464003,49961,0.03412629618928376,0.04,-0.005873703810716238
V,A,V1_TurnoverShrink20_60,250,B02_05_10,0.05,0.1,false,true,1464003,65668,0.044855099340643426,0.05,-0.005144900659356577
V,A,V1_TurnoverShrink20_60,250,B03_10_20,0.1,0.2,false,true,1464003,129240,0.08827850762600896,0.1,-0.011721492373991046
V,A,V1_TurnoverShrink20_60,250,B04_20_30,0.2,0.3,false,true,1464003,136183,0.09302098424661698,0.09999999999999998,-0.006979015753383
V,A,V1_TurnoverShrink20_60,250,B05_30_50,0.3,0.5,false,true,1464003,285328,0.19489577548679887,0.2,-0.005104224513201139
V,A,V1_TurnoverShrink20_60,250,B06_50_90,0.5,0.9,false,true,1464003,586314,0.400486884248188,0.4,0.0004868842481879909
V,A,V1_TurnoverShrink20_60,250,B07_90_95,0.9,0.95,false,true,1464003,65900,0.04501356896126579,0.04999999999999993,-0.00498643103873414
V,A,V1_TurnoverShrink20_60,250,B08_95_99,0.95,0.99,false,true,1464003,43447,0.0296768517550852,0.040000000000000036,-0.010323148244914836
V,A,V1_TurnoverShrink20_60,250,B09_99_100,0.99,1.0,false,true,1464003,55601,0.03797874731131015,0.010000000000000009,0.027978747311310143
V,A,V1_TurnoverShrink20_60,500,B00_00_01,0.0,0.01,true,true,1267268,26293,0.020747781842514763,0.01,0.010747781842514762
V,A,V1_TurnoverShrink20_60,500,B01_01_05,0.01,0.05,false,true,1267268,42977,0.03391311072322508,0.04,-0.0060868892767749205
V,A,V1_TurnoverShrink20_60,500,B02_05_10,0.05,0.1,false,true,1267268,56625,0.044682734827992183,0.05,-0.005317265172007819
V,A,V1_TurnoverShrink20_60,500,B03_10_20,0.1,0.2,false,true,1267268,117536,0.0927475482691901,0.1,-0.007252451730809906
V,A,V1_TurnoverShrink20_60,500,B04_20_30,0.2,0.3,false,true,1267268,119927,0.09463428414510584,0.09999999999999998,-0.005365715854894135
V,A,V1_TurnoverShrink20_60,500,B05_30_50,0.3,0.5,false,true,1267268,252473,0.1992262094521443,0.2,-0.0007737905478557017
V,A,V1_TurnoverShrink20_60,500,B06_50_90,0.5,0.9,false,true,1267268,514085,0.40566399530328234,0.4,0.005663995303282321
V,A,V1_TurnoverShrink20_60,500,B07_90_95,0.9,0.95,false,true,1267268,62656,0.0494417913180164,0.04999999999999993,-0.0005582086819835366
V,A,V1_TurnoverShrink20_60,500,B08_95_99,0.95,0.99,false,true,1267268,47072,0.037144471414097095,0.040000000000000036,-0.0028555285859029403
V,A,V1_TurnoverShrink20_60,500,B09_99_100,0.99,1.0,false,true,1267268,27624,0.021798072704431896,0.010000000000000009,0.011798072704431888
V,B,V2_AmountLevel20Pct,120,B00_00_01,0.0,0.01,true,true,1619612,136848,0.08449431098312435,0.01,0.07449431098312435
V,B,V2_AmountLevel20Pct,120,B01_01_05,0.01,0.05,false,true,1619612,81135,0.05009533147445191,0.04,0.010095331474451907
V,B,V2_AmountLevel20Pct,120,B02_05_10,0.05,0.1,false,true,1619612,75203,0.046432725862737494,0.05,-0.003567274137262509
V,B,V2_AmountLevel20Pct,120,B03_10_20,0.1,0.2,false,true,1619612,140943,0.08702269432431965,0.1,-0.012977305675680353
V,B,V2_AmountLevel20Pct,120,B04_20_30,0.2,0.3,false,true,1619612,134719,0.08317979861843454,0.09999999999999998,-0.01682020138156544
V,B,V2_AmountLevel20Pct,120,B05_30_50,0.3,0.5,false,true,1619612,264093,0.16305942410898414,0.2,-0.036940575891015875
V,B,V2_AmountLevel20Pct,120,B06_50_90,0.5,0.9,false,true,1619612,524715,0.3239757423382884,0.4,-0.07602425766171161
V,B,V2_AmountLevel20Pct,120,B07_90_95,0.9,0.95,false,true,1619612,58245,0.035962316900591006,0.04999999999999993,-0.014037683099408928
V,B,V2_AmountLevel20Pct,120,B08_95_99,0.95,0.99,false,true,1619612,46820,0.02890815825024759,0.040000000000000036,-0.011091841749752446
V,B,V2_AmountLevel20Pct,120,B09_99_100,0.99,1.0,false,true,1619612,156891,0.0968694971388209,0.010000000000000009,0.08686949713882089
V,B,V2_AmountLevel20Pct,250,B00_00_01,0.0,0.01,true,true,1516287,76116,0.05019893991045231,0.01,0.04019893991045231
V,B,V2_AmountLevel20Pct,250,B01_01_05,0.01,0.05,false,true,1516287,69287,0.04569517512186017,0.04,0.0056951751218601715
V,B,V2_AmountLevel20Pct,250,B02_05_10,0.05,0.1,false,true,1516287,76698,0.0505827722588138,0.05,0.000582772258813799
V,B,V2_AmountLevel20Pct,250,B03_10_20,0.1,0.2,false,true,1516287,129108,0.08514746878394394,0.1,-0.014852531216056064
V,B,V2_AmountLevel20Pct,250,B04_20_30,0.2,0.3,false,true,1516287,118490,0.07814483669648292,0.09999999999999998,-0.021855163303517056
V,B,V2_AmountLevel20Pct,250,B05_30_50,0.3,0.5,false,true,1516287,240886,0.15886570286495894,0.2,-0.041134297135041076
V,B,V2_AmountLevel20Pct,250,B06_50_90,0.5,0.9,false,true,1516287,566116,0.37335675897768694,0.4,-0.02664324102231308
V,B,V2_AmountLevel20Pct,250,B07_90_95,0.9,0.95,false,true,1516287,80086,0.052817177750650104,0.04999999999999993,0.002817177750650171
V,B,V2_AmountLevel20Pct,250,B08_95_99,0.95,0.99,false,true,1516287,59137,0.03900119172689603,0.040000000000000036,-0.0009988082731040085
V,B,V2_AmountLevel20Pct,250,B09_99_100,0.99,1.0,false,true,1516287,100363,0.06618997590825483,0.010000000000000009,0.05618997590825482
V,B,V2_AmountLevel20Pct,500,B00_00_01,0.0,0.01,true,true,1319004,46084,0.03493848388632635,0.01,0.02493848388632635
V,B,V2_AmountLevel20Pct,500,B01_01_05,0.01,0.05,false,true,1319004,57543,0.04362609969340502,0.04,0.0036260996934050216
V,B,V2_AmountLevel20Pct,500,B02_05_10,0.05,0.1,false,true,1319004,59310,0.04496574688173804,0.05,-0.005034253118261965
V,B,V2_AmountLevel20Pct,500,B03_10_20,0.1,0.2,false,true,1319004,102228,0.07750393478715759,0.1,-0.02249606521284242
V,B,V2_AmountLevel20Pct,500,B04_20_30,0.2,0.3,false,true,1319004,97152,0.07365557648043523,0.09999999999999998,-0.026344423519564744
V,B,V2_AmountLevel20Pct,500,B05_30_50,0.3,0.5,false,true,1319004,196645,0.14908597699476273,0.2,-0.050914023005237286
V,B,V2_AmountLevel20Pct,500,B06_50_90,0.5,0.9,false,true,1319004,519960,0.39420653766023456,0.4,-0.005793462339765465
V,B,V2_AmountLevel20Pct,500,B07_90_95,0.9,0.95,false,true,1319004,94201,0.0714182822796595,0.04999999999999993,0.02141828227965957
V,B,V2_AmountLevel20Pct,500,B08_95_99,0.95,0.99,false,true,1319004,77315,0.05861619828294683,0.040000000000000036,0.01861619828294679
V,B,V2_AmountLevel20Pct,500,B09_99_100,0.99,1.0,false,true,1319004,68566,0.05198316305333418,0.010000000000000009,0.041983163053334174
