transition_path,W,q,K,lag_k,primary_stay_out_baseline_probability,unconditional_lag_support_marginal_probability,target_status_standardized_baseline_probability,security_year_standardized_baseline_probability,security_year_matched_anchor_count,security_year_unmatched_stratum_count,security_year_coverage,observed_probability,primary_absolute_difference,target_status_standardized_absolute_difference,security_year_standardized_absolute_difference,warnings
P_TO_C,120,0.1,not_applicable,1,0.10738834156051191,0.13339703420020235,0.22880817452733065,0.11561077554633312,26586,35,0.9974113674732695,0.2564945226917058,0.1491061811311939,0.027686348164375152,0.1408837471453727,""
P_TO_C,120,0.1,not_applicable,3,0.10973201129121025,0.13339703420020235,0.19546013483933922,0.11869042575332214,26591,33,0.9975989495404239,0.2577774308130684,0.14804541952185818,0.0623172959737292,0.13908700505974628,""
P_TO_C,120,0.1,not_applicable,5,0.11288780484917015,0.13339703420020235,0.1785011011445618,0.12287754133079275,26591,33,0.9975989495404239,0.24505759651307596,0.1321697916639058,0.06655649536851416,0.12218005518228321,""
P_TO_C,120,0.1,not_applicable,10,0.11776936637975734,0.13339703420020235,0.15402736158329905,0.12862682200760606,26600,29,0.9979365972613018,0.21218226906385618,0.09441290268409884,0.05815490748055713,0.08355544705625012,""
P_TO_C,120,0.1,not_applicable,20,0.12266566902270976,0.13339703420020235,0.13254709843563192,0.13325785374337992,26613,22,0.9984243106359032,0.1920261941448382,0.06936052512212845,0.05947909570920629,0.058768340401458286,""
P_TO_C,120,0.2,not_applicable,1,0.16886734480360135,0.23112286208762323,0.33155179358966025,0.17927472599547842,34008,38,0.9979166055341999,0.36450526443547654,0.19563791963187518,0.03295347084581629,0.18523053843999812,""
P_TO_C,120,0.2,not_applicable,3,0.1736067604775899,0.23112286208762323,0.29698598878997123,0.18544587213498645,34011,36,0.998004636286276,0.3660140623105831,0.19240730183299318,0.06902807352061185,0.18056819017559664,""
P_TO_C,120,0.2,not_applicable,5,0.17984022630328517,0.23112286208762323,0.278813526535648,0.19351445657486638,34011,36,0.998004636286276,0.359328188833409,0.17948796253012383,0.080514662297761,0.16581373225854262,""
P_TO_C,120,0.2,not_applicable,10,0.1915032137673647,0.23112286208762323,0.25337781322191266,0.20779737833685322,34017,34,0.9981806977904282,0.330931347423644,0.1394281336562793,0.07755353420173133,0.12313396908679078,""
P_TO_C,120,0.2,not_applicable,20,0.20637092501266383,0.23112286208762323,0.22934169880933325,0.22302827422501714,34033,25,0.9986501951348338,0.30075909868282874,0.09438817367016492,0.07141739987349549,0.0777308244578116,""
P_TO_C,120,0.3,not_applicable,1,0.22187340136740263,0.3233528912902495,0.3993667636136212,0.2341762948128316,38867,44,0.9981765884226206,0.4331761839177879,0.21130278255038526,0.03380942030416667,0.1989998891049563,""
P_TO_C,120,0.3,not_applicable,3,0.22863445507699726,0.3233528912902495,0.3680951458661188,0.24253059370983565,38870,42,0.9982536339822281,0.4401565847594361,0.21152212968243883,0.07206143889331729,0.19762599104960044,""
P_TO_C,120,0.3,not_applicable,5,0.23799415943453303,0.3233528912902495,0.35245050641393527,0.25413819847836067,38874,40,0.9983563613950382,0.4348997543386956,0.19690559490416257,0.08244924792476033,0.18076155586033493,""
P_TO_C,120,0.3,not_applicable,10,0.2569172923172636,0.3233528912902495,0.3313464269962959,0.2763431707147793,38880,38,0.9985104525142534,0.4155885220415799,0.1586712297243163,0.08424209504528402,0.1392453513268006,""
P_TO_C,120,0.3,not_applicable,20,0.2834202719708955,0.3233528912902495,0.3145802707406613,0.3032465944472541,38898,28,0.9989727258718989,0.3900621769813994,0.10664190501050391,0.07548190624073808,0.08681558253414529,""
P_TO_C,250,0.1,not_applicable,1,0.08671258228500481,0.11455585128418273,0.20981228588185005,0.10553712092873717,19183,33,0.9967783839958431,0.24314402936730728,0.15643144708230247,0.03333174348545723,0.1376069084385701,""
P_TO_C,250,0.1,not_applicable,3,0.08887582033181118,0.11455585128418273,0.1747970472831364,0.1097834155377064,19192,30,0.9972460379319303,0.24232615849382316,0.15345033816201198,0.06752911121068678,0.13254274295611676,""
P_TO_C,250,0.1,not_applicable,5,0.09146566268824595,0.11455585128418273,0.15721900785668844,0.1145010686989723,19193,29,0.9972979994803846,0.23346806790622474,0.1420024052179788,0.0762490600495363,0.11896699920725244,""
P_TO_C,250,0.1,not_applicable,10,0.09608355989143966,0.11455585128418273,0.1340808523183454,0.1230350506695735,19202,25,0.9977656534164718,0.2073472461273666,0.11126368623592695,0.0732663938090212,0.0843121954577931,""
P_TO_C,250,0.1,not_applicable,20,0.10029250611539671,0.11455585128418273,0.11479353693235506,0.12784159847857365,19214,20,0.9983891919979215,0.19190300699674198,0.09161050088134527,0.07710947006438693,0.06406140851816833,""
P_TO_C,250,0.2,not_applicable,1,0.14648160519948997,0.21185163476609173,0.30592088880533624,0.16841237068976397,26315,37,0.9973469774493083,0.34328533877358863,0.19680373357409867,0.03736444996825239,0.17487296808382466,""
P_TO_C,250,0.2,not_applicable,3,0.1509090909090909,0.21185163476609173,0.2712188710972222,0.17558165098197945,26330,31,0.9979154822815994,0.3454060834117278,0.19449699250263688,0.07418721231450559,0.16982443242974835,""
P_TO_C,250,0.2,not_applicable,5,0.15648094814194202,0.21185163476609173,0.2527518456227839,0.18441515364746952,26330,31,0.9979154822815994,0.3366991507181715,0.1802182025762295,0.08394730509538761,0.152283997070702,""
P_TO_C,250,0.2,not_applicable,10,0.16624998252896697,0.21185163476609173,0.22693443003355326,0.1993866094780753,26343,26,0.998408186469585,0.31149972675462567,0.1452497442256587,0.08456529672107241,0.11211311727655038,""
P_TO_C,250,0.2,not_applicable,20,0.1784264626052848,0.21185163476609173,0.20456756515189495,0.21462990410338992,26360,18,0.9990524919461815,0.2983185119024504,0.1198920492971656,0.09375094675055545,0.08368860779906048,""
P_TO_C,250,0.3,not_applicable,1,0.200755235827052,0.30756020687157076,0.3804720275140405,0.22265414991187552,30743,49,0.9970163774931085,0.41602491127034086,0.21526967544328887,0.035552883756300335,0.19337076135846534,""
P_TO_C,250,0.3,not_applicable,3,0.2068018480997235,0.30756020687157076,0.3473761405221114,0.23162925226787617,30752,45,0.9973082536079131,0.4279692204750753,0.2211673723753518,0.08059307995296389,0.19633996820719912,""
P_TO_C,250,0.3,not_applicable,5,0.21519084412258305,0.30756020687157076,0.3302787306548034,0.24401704431675314,30755,43,0.9974055456461813,0.42574522122710867,0.21055437710452563,0.09546649057230527,0.18172817691035553,""
P_TO_C,250,0.3,not_applicable,10,0.23209264131325225,0.30756020687157076,0.30805469904718613,0.26815536219826885,30764,38,0.9976974217609859,0.4061395906939537,0.17404694938070148,0.09808489164676759,0.13798422849568487,""
P_TO_C,250,0.3,not_applicable,20,0.25430212213986303,0.30756020687157076,0.28898687316559946,0.29643710973541476,30790,26,0.9985406194259769,0.3885056708894342,0.1342035487495712,0.09951879772383476,0.09206856115401946,""
P_TO_C,500,0.1,not_applicable,1,0.07973925832999881,0.11008625370207094,0.20677066991259757,0.10928925498461436,14386,24,0.9965364366860626,0.24320295307730533,0.16346369474730651,0.03643228316470776,0.13391369809269096,""
P_TO_C,500,0.1,not_applicable,3,0.08187300531495406,0.11008625370207094,0.1707193405760935,0.11439620906865873,14386,24,0.9965364366860626,0.24409616339266718,0.16222315807771312,0.07337682281657368,0.12969995432400844,""
P_TO_C,500,0.1,not_applicable,5,0.0843696030747376,0.11008625370207094,0.15281319300167662,0.12109799097745091,14386,24,0.9965364366860626,0.23517324452632324,0.15080364145158565,0.08236005152464662,0.11407525354887232,""
P_TO_C,500,0.1,not_applicable,10,0.08836797542118624,0.11008625370207094,0.1285187326936067,0.13073951190875283,14396,21,0.9972291493488501,0.213937035726919,0.12556906030573275,0.0854183030333123,0.08319752381816617,""
P_TO_C,500,0.1,not_applicable,20,0.09253382463943381,0.11008625370207094,0.10963641820573217,0.13706747987818615,14412,15,0.99833748960931,0.20109998589761668,0.10856616125818287,0.09146356769188452,0.06403250601943053,""
P_TO_C,500,0.2,not_applicable,1,0.1377124207525228,0.21039634913675065,0.29973585205351766,0.16669408386714438,20118,37,0.9964832334439546,0.33637840032480715,0.19866597957228435,0.03664254827128949,0.16968431645766277,""
P_TO_C,500,0.2,not_applicable,3,0.14185959254864977,0.21039634913675065,0.26349571390673526,0.1747900296681203,20120,35,0.9965822972906038,0.3443695178218324,0.20250992527318262,0.08087380391509713,0.1695794881537121,""
P_TO_C,500,0.2,not_applicable,5,0.14712272025607373,0.21039634913675065,0.2441703851496921,0.18508269228572719,20123,34,0.9967308930605775,0.33745377172095853,0.1903310514648848,0.09328338657126642,0.15237107943523134,""
P_TO_C,500,0.2,not_applicable,10,0.1565963612160665,0.21039634913675065,0.21818283346089454,0.20289211739148585,20137,30,0.9974243399871217,0.31780475467880626,0.16120839346273977,0.09962192121791172,0.1149126372873204,""
P_TO_C,500,0.2,not_applicable,20,0.16821270448156378,0.21039634913675065,0.19612725300213785,0.22259003224907667,20156,21,0.9983654465302888,0.30685373977995356,0.13864103529838978,0.11072648677781571,0.08426370753087689,""
P_TO_C,500,0.3,not_applicable,1,0.19127482168723298,0.3082141257255743,0.3637992849233852,0.21644678230638678,23396,54,0.9955744680851064,0.40018399264029436,0.20890917095306138,0.03638470771690916,0.18373721033390758,""
P_TO_C,500,0.3,not_applicable,3,0.19715130741806428,0.3082141257255743,0.33169768357780016,0.22624961424562454,23398,52,0.9956595744680851,0.4104157549234136,0.2132644475053493,0.07871807134561343,0.18416614067778905,""
P_TO_C,500,0.3,not_applicable,5,0.20496854523729252,0.3082141257255743,0.31481083227167195,0.2401497389020406,23407,48,0.9960425531914894,0.40962538794422343,0.2046568427069309,0.09481455567255148,0.16947564904218282,""
P_TO_C,500,0.3,not_applicable,10,0.2204285281508478,0.3082141257255743,0.2925707444610127,0.26709999989236843,23414,46,0.9963404255319149,0.3968849526634964,0.1764564245126486,0.10431420820248366,0.12978495277112795,""
P_TO_C,500,0.3,not_applicable,20,0.2413002100929624,0.3082141257255743,0.2749524975545975,0.2997452099397893,23444,31,0.9976170212765958,0.39268176089696233,0.15138155080399993,0.11772926334236483,0.09293655095717301,""
P_TO_T,120,0.1,not_applicable,1,0.05218883578695795,0.05583655688670842,0.05999150837509329,0.049949152916145004,26651,4,0.9998499343462764,0.08339898705683736,0.03121015126987941,0.023407478681744073,0.03344983414069236,""
P_TO_T,120,0.1,not_applicable,3,0.05368321713201021,0.05583655688670842,0.055597517386769144,0.0520585823731873,26651,4,0.9998499343462764,0.07732132808103545,0.023638110949025244,0.021723810694266307,0.02526274570784815,""
P_TO_T,120,0.1,not_applicable,5,0.05515013087190217,0.05583655688670842,0.055715987902957176,0.054086885041854695,26651,4,0.9998499343462764,0.06940536484712062,0.014255233975218454,0.013689376944163445,0.015318479805265926,""
P_TO_T,120,0.1,not_applicable,10,0.05714308360089694,0.05583655688670842,0.05724560193062498,0.0567706683876114,26651,4,0.9998499343462764,0.05184962857357245,-0.005293455027324492,-0.005395973357052532,-0.004921039814038949,""
P_TO_T,120,0.1,not_applicable,20,0.05753926986140049,0.05583655688670842,0.05749276194656673,0.057013238489951344,26651,4,0.9998499343462764,0.0474296435272045,-0.010109626334195987,-0.010063118419362228,-0.009583594962746841,""
P_TO_T,120,0.2,not_applicable,1,0.13790760051959763,0.15327146911257253,0.167429887111397,0.13321939506193894,34078,1,0.9999706564159746,0.20934327131873937,0.07143567079914173,0.041913384207342363,0.07612387625680042,""
P_TO_T,120,0.2,not_applicable,3,0.14319914907017922,0.15327146911257253,0.15579281004210938,0.14024703230772687,34078,1,0.9999706564159746,0.2091672046481601,0.06596805557798088,0.05337439460605073,0.06892017234043324,""
P_TO_T,120,0.2,not_applicable,5,0.14882256176774603,0.15327146911257253,0.15391912564645654,0.14770198088199898,34078,1,0.9999706564159746,0.19447134430847787,0.04564878254073185,0.04055221866202133,0.04676936342647889,""
P_TO_T,120,0.2,not_applicable,10,0.15743378357222518,0.15327146911257253,0.1580001728033984,0.15860070752143457,34078,1,0.9999706564159746,0.1550540032871566,-0.002379780285068578,-0.002946169516241798,-0.0035467042342779698,""
P_TO_T,120,0.2,not_applicable,20,0.1597063849417513,0.15327146911257253,0.1593283621743039,0.1598604833883364,34078,1,0.9999706564159746,0.14053784275732487,-0.01916854218442643,-0.01879051941697904,-0.019322640631011523,""
P_TO_T,120,0.3,not_applicable,1,0.22367977711275516,0.2554524485209542,0.2725240370342747,0.21708906729342048,38937,1,0.9999743181467975,0.3220826590634713,0.09840288195071611,0.049558622029196586,0.1049935917700508,""
P_TO_T,120,0.3,not_applicable,3,0.2335559524381826,0.2554524485209542,0.26048809652962984,0.2294860409982421,38937,1,0.9999743181467975,0.3279728722994323,0.09441691986124967,0.06748477576980244,0.09848683130119018,""
P_TO_T,120,0.3,not_applicable,5,0.2440615522122881,0.2554524485209542,0.2574023693193905,0.24256644305476804,38937,1,0.9999743181467975,0.31357282351731935,0.06951127130503126,0.056170454197928876,0.07100638046255131,""
P_TO_T,120,0.3,not_applicable,10,0.26258404556326936,0.2554524485209542,0.2638970234120184,0.26493744757009946,38937,1,0.9999743181467975,0.2691912180574837,0.006607172494214331,0.005294194645465267,0.004253770487384234,""
P_TO_T,120,0.3,not_applicable,20,0.2680752259919684,0.2554524485209542,0.2672161657569845,0.2686228449762048,38937,1,0.9999743181467975,0.24250064316953948,-0.025574582822428943,-0.024715522587445,-0.02612220180666533,""
P_TO_T,250,0.1,not_applicable,1,0.04692835272227702,0.049913724558642555,0.05354367177285399,0.044107153859971646,19245,0,1.0,0.07601974538841258,0.029091392666135557,0.02247607361555859,0.031912591528440934,""
P_TO_T,250,0.1,not_applicable,3,0.048082995378666414,0.049913724558642555,0.049364379918222324,0.04633571146095613,19245,0,1.0,0.0694206287347363,0.021337633356069884,0.020056248816513973,0.02308491727378017,""
P_TO_T,250,0.1,not_applicable,5,0.04918827821007999,0.049913724558642555,0.04950609984068902,0.048360001441762925,19245,0,1.0,0.06464016627695506,0.015451888066875065,0.015134066436266032,0.01628016483519213,""
P_TO_T,250,0.1,not_applicable,10,0.05073441053950724,0.049913724558642555,0.05079904026232631,0.05100827633287172,19245,0,1.0,0.04692371648305965,-0.003810694056447586,-0.003875323779266658,-0.004084559849812069,""
P_TO_T,250,0.1,not_applicable,20,0.051040832971271335,0.049913724558642555,0.05098434764947743,0.05125343135104625,19245,0,1.0,0.04468925379339015,-0.006351579177881185,-0.006295093856087279,-0.006564177557656099,""
P_TO_T,250,0.2,not_applicable,1,0.13456567463023866,0.147648128169344,0.15854093142723807,0.12629645044167148,26384,1,0.9999620996778472,0.19973469774493083,0.06516902311469217,0.041193766317692754,0.07343824730325935,""
P_TO_T,250,0.2,not_applicable,3,0.13902324895137322,0.147648128169344,0.14844402253715203,0.13359993071747006,26384,1,0.9999620996778472,0.19984839871138904,0.06082514976001582,0.051404376174237015,0.06624846799391898,""
P_TO_T,250,0.2,not_applicable,5,0.1436645996817209,0.147648128169344,0.14716995044642023,0.14108353862313575,26384,1,0.9999620996778472,0.18055713473564525,0.03689253505392434,0.03338718428922502,0.0394735961125095,""
P_TO_T,250,0.2,not_applicable,10,0.15075371776497018,0.147648128169344,0.15128299634066406,0.1522246606970738,26384,1,0.9999620996778472,0.1498370100826321,-0.0009167076823380915,-0.0014459862580319671,-0.002387650614441711,""
P_TO_T,250,0.2,not_applicable,20,0.15228456696794418,0.147648128169344,0.1520436687761315,0.15344088870016226,26384,1,0.9999620996778472,0.13747346072186836,-0.014811106246075817,-0.01457020805426315,-0.015967427978293897,""
P_TO_T,250,0.3,not_applicable,1,0.22379600175271872,0.25183784835977685,0.2664583310325856,0.2098286001391917,30833,2,0.9999351386411546,0.3120479974055456,0.0882519956528269,0.045589666372960025,0.10221939726635393,""
P_TO_T,250,0.3,not_applicable,3,0.2321789010650818,0.25183784835977685,0.2550366262491909,0.22226806683730144,30833,2,0.9999351386411546,0.3236906113183071,0.09151171025322533,0.06865398506911624,0.10142254448100568,""
P_TO_T,250,0.3,not_applicable,5,0.24135900533670723,0.25183784835977685,0.252127891678073,0.2361906122167996,30833,2,0.9999351386411546,0.314014205558979,0.07265520022227179,0.06188631388090604,0.07782359334217942,""
P_TO_T,250,0.3,not_applicable,10,0.2576370846307282,0.25183784835977685,0.2588666871778786,0.26051918503435206,30833,2,0.9999351386411546,0.27105229012585963,0.013415205495131421,0.012185602947981045,0.010533105091507566,""
P_TO_T,250,0.3,not_applicable,20,0.2619016239522617,0.25183784835977685,0.26122813083476154,0.2645781078429791,30833,2,0.9999351386411546,0.23643561786085152,-0.02546600609141017,-0.024792512973910025,-0.028142489982127566,""
P_TO_T,500,0.1,not_applicable,1,0.044755305028356694,0.047523211241834624,0.049863860751466135,0.04170240757446529,14435,1,0.9999307287337212,0.06927126627874758,0.024515961250390884,0.019407405527281443,0.027568858704282287,""
P_TO_T,500,0.1,not_applicable,3,0.04576533034134553,0.047523211241834624,0.046676698034314124,0.0441362285592023,14435,1,0.9999307287337212,0.07058742033804379,0.024822089996698257,0.023910722303729662,0.026451191778841483,""
P_TO_T,500,0.1,not_applicable,5,0.04674179831990873,0.047523211241834624,0.046942032822234615,0.04657453088121599,14435,1,0.9999307287337212,0.05915766140205043,0.012415863082141695,0.012215628579815813,0.012583130520834436,""
P_TO_T,500,0.1,not_applicable,10,0.04801522778811174,0.047523211241834624,0.0480887260373394,0.04923327547936292,14435,1,0.9999307287337212,0.045026323081185926,-0.002988904706925817,-0.0030624029561534746,-0.004206952398176991,""
P_TO_T,500,0.1,not_applicable,20,0.048241076160516046,0.047523211241834624,0.04820791502223301,0.049180057359501,14435,1,0.9999307287337212,0.04163203103352729,-0.006609045126988754,-0.006575883988705719,-0.007548026325973706,""
P_TO_T,500,0.2,not_applicable,1,0.13364665380505472,0.1459939509292462,0.15521428224090283,0.12262093554211566,20189,0,1.0,0.19560156520877706,0.061954911403722335,0.04038728296787422,0.0729806296666614,""
P_TO_T,500,0.2,not_applicable,3,0.1376425524084396,0.1459939509292462,0.14569971548244592,0.1302156860197989,20189,0,1.0,0.19763237406508494,0.05998982165664535,0.05193265858263901,0.06741668804528603,""
P_TO_T,500,0.2,not_applicable,5,0.14171852038663557,0.1459939509292462,0.14463787024944696,0.1381147020916704,20189,0,1.0,0.17940462628163853,0.03768610589500296,0.034766756032191565,0.04128992418996813,""
P_TO_T,500,0.2,not_applicable,10,0.1478120490655616,0.1459939509292462,0.1482585685951311,0.14988505723183732,20189,0,1.0,0.1577252687373062,0.009913219671744578,0.0094667001421751,0.007840211505468875,""
P_TO_T,500,0.2,not_applicable,20,0.14955330425346966,0.1459939509292462,0.14933299949729714,0.1517836643596781,20189,0,1.0,0.1373996630660985,-0.012153641187371167,-0.011933336431198649,-0.014384001293579612,""
P_TO_T,500,0.3,not_applicable,1,0.22455767044308717,0.252090130699072,0.2613136244255679,0.20531192217774671,23499,1,0.9999574468085106,0.31374468085106383,0.08918701040797666,0.05243105642549595,0.10843275867331711,""
P_TO_T,500,0.3,not_applicable,3,0.23233357829461088,0.252090130699072,0.2516799688259033,0.2185883513132375,23499,1,0.9999574468085106,0.32148936170212766,0.08915578340751679,0.06980939287622434,0.10290101038889016,""
P_TO_T,500,0.3,not_applicable,5,0.24076435907813132,0.252090130699072,0.24968182479256773,0.233607547260099,23499,1,0.9999574468085106,0.3082258819524235,0.06746152287429219,0.05854405715985578,0.07461833469232451,""
P_TO_T,500,0.3,not_applicable,10,0.25526275319653763,0.252090130699072,0.2562677250266044,0.25880043159769245,23499,1,0.9999574468085106,0.2689197241848983,0.013656970988360662,0.012651999158293903,0.010119292587205841,""
P_TO_T,500,0.3,not_applicable,20,0.2594225551982329,0.252090130699072,0.2588334952524479,0.2642461688959868,23499,1,0.9999574468085106,0.24362196004940584,-0.015800595148827035,-0.015211535203042081,-0.02062420884658095,""
P_TO_V,120,0.1,not_applicable,1,0.06627387703944926,0.09278032108165643,0.2259612199811754,0.07371606941792377,26552,52,0.9961358094166197,0.250681737343398,0.18440786030394873,0.024720517362222583,0.17696566792547422,""
P_TO_V,120,0.1,not_applicable,3,0.06985572044181018,0.09278032108165643,0.2041099355421465,0.0783478188117395,26557,50,0.9963233914837741,0.24223528947472275,0.17237956903291257,0.03812535393257627,0.16388747066298326,""
P_TO_V,120,0.1,not_applicable,5,0.07343210105410597,0.09278032108165643,0.18807901615365477,0.08251128804030704,26572,44,0.9968861376852373,0.22618906884186468,0.1527569677877587,0.03811005268820991,0.14367778080155763,""
P_TO_V,120,0.1,not_applicable,10,0.0811831405345738,0.09278032108165643,0.1551707555778546,0.09146220857348168,26580,41,0.9971862689926843,0.18548608658110602,0.10430294604653222,0.030315331003251428,0.09402387800762434,""
P_TO_V,120,0.1,not_applicable,20,0.09238339644470941,0.09278032108165643,0.11112292070106632,0.1041787420152299,26598,30,0.9978615644344401,0.11417890104754858,0.02179550460283916,0.0030559803464822594,0.01000015903231867,""
P_TO_V,120,0.2,not_applicable,1,0.10559416569275012,0.16453169529532033,0.29505957697866564,0.11571469739505554,33981,53,0.9971243287655154,0.32191592636688343,0.2163217606741333,0.026856349388217793,0.2062012289718279,""
P_TO_V,120,0.2,not_applicable,3,0.11143191713350513,0.16453169529532033,0.2758288401706289,0.12252754934388457,33981,53,0.9971243287655154,0.3236442383944366,0.21221232126093148,0.047815398223807704,0.20111668905055205,""
P_TO_V,120,0.2,not_applicable,5,0.11773086824091428,0.16453169529532033,0.26229136893475186,0.1299229825330469,33993,47,0.9974764517738196,0.31902120916626037,0.2012903409253461,0.05672984023150851,0.18909822663321346,""
P_TO_V,120,0.2,not_applicable,10,0.13354322984985212,0.16453169529532033,0.23712629761820805,0.14754603531703916,33996,45,0.9975644825258957,0.29248807751890893,0.1589448476690568,0.055361779900700875,0.14494204220186976,""
P_TO_V,120,0.2,not_applicable,20,0.16108036888470248,0.16453169529532033,0.20138082766305965,0.17784576704095165,34011,36,0.998004636286276,0.2140094282606068,0.05292905937590431,0.01262860059754714,0.03616366121965514,""
P_TO_V,120,0.3,not_applicable,1,0.14700042448786324,0.24561763996431576,0.36515875303855627,0.15967076531412422,38823,64,0.9970465868817093,0.39341780221531597,0.24641737772745273,0.0282590491767597,0.23374703690119175,""
P_TO_V,120,0.3,not_applicable,3,0.1553249618693637,0.24561763996431576,0.34747646539008825,0.16902869458507164,38828,62,0.997174996147722,0.3990285077241599,0.24370354585479617,0.051552042334071624,0.22999981313908824,""
P_TO_V,120,0.3,not_applicable,5,0.1645497985015667,0.24561763996431576,0.33569636214008786,0.1791718570148772,38835,57,0.9973547691201398,0.39833386394990977,0.23378406544834307,0.06263750180982192,0.21916200693503257,""
P_TO_V,120,0.3,not_applicable,10,0.18927223759700498,0.24561763996431576,0.31727679437707873,0.20653117390114273,38850,51,0.9977399969181776,0.385969556585043,0.19669731898803802,0.06869276220796428,0.17943838268390028,""
P_TO_V,120,0.3,not_applicable,20,0.2362539352356668,0.24561763996431576,0.2942271560196049,0.2570294089378198,38872,39,0.9983049976886332,0.31893687707641194,0.08268294184074515,0.02470972105680702,0.06190746813859216,""
P_TO_V,250,0.1,not_applicable,1,0.04254043964836848,0.06189673108593357,0.1573596745942918,0.053425401285026514,19181,32,0.9966744608989347,0.17931930090363077,0.13677886125526229,0.02195962630933898,0.12589389961860425,""
P_TO_V,250,0.1,not_applicable,3,0.044559565325694356,0.06189673108593357,0.14170906808783812,0.0567300981327951,19184,30,0.9968303455442972,0.17885915112192485,0.1342995857962305,0.037150083034086734,0.12212905298912975,""
P_TO_V,250,0.1,not_applicable,5,0.04670873117509449,0.06189673108593357,0.13007948949417425,0.06027638935745478,19187,29,0.9969862301896597,0.17129579595806765,0.12458706478297316,0.041216306463893404,0.11101940660061288,""
P_TO_V,250,0.1,not_applicable,10,0.051532865244438494,0.06189673108593357,0.10778213455570912,0.06802642793645046,19191,28,0.9971940763834762,0.14695882130714016,0.09542595606270167,0.039176686751431045,0.0789323933706897,""
P_TO_V,250,0.1,not_applicable,20,0.05893027162386849,0.06189673108593357,0.07891210992922736,0.07973802900990416,19203,23,0.9978176149649259,0.0978494623655914,0.03891919074172291,0.018937352436364047,0.01811143335568724,""
P_TO_V,250,0.2,not_applicable,1,0.07834644506707568,0.1285741900802116,0.23685648021295594,0.0931850381248682,26293,41,0.9965131703619481,0.2617970010626156,0.18345055599553994,0.02494052084965967,0.1686119629377474,""
P_TO_V,250,0.2,not_applicable,3,0.0822889050268071,0.1285741900802116,0.22058499438694856,0.09902660428631008,26298,39,0.9967026719727118,0.2682974790576946,0.1860085740308875,0.047712484670746014,0.1692708747713845,""
P_TO_V,250,0.2,not_applicable,5,0.08670565932165987,0.1285741900802116,0.20900976079621722,0.10542706163126576,26301,38,0.99681637293917,0.2640701147618299,0.17736445544017004,0.05506035396561268,0.15864305313056415,""
P_TO_V,250,0.2,not_applicable,10,0.09778178401274655,0.1285741900802116,0.18717836136539498,0.12114740333398402,26313,34,0.9972711768050029,0.2442796028101574,0.14649781879741086,0.05710124144476242,0.12313219947617338,""
P_TO_V,250,0.2,not_applicable,20,0.11780658109221867,0.1285741900802116,0.15840305404348753,0.15007210528019416,26327,26,0.9978017813151412,0.19383845492219876,0.07603187382998008,0.03543540087871122,0.0437663496420046,""
P_TO_V,250,0.3,not_applicable,1,0.11459099410578337,0.2050713010833994,0.30709697206899506,0.13330228932560947,30709,54,0.9959137343927356,0.33510298713080877,0.2205119930250254,0.028006015061813716,0.2018006978051993,""
P_TO_V,250,0.3,not_applicable,3,0.12068576408394631,0.2050713010833994,0.29116852118386,0.14166650578980902,30719,50,0.9962380411869629,0.3457821622709885,0.2250963981870422,0.05461364108712852,0.2041156564811795,""
P_TO_V,250,0.3,not_applicable,5,0.12762605606618097,0.2050713010833994,0.2801969627211326,0.15122911033876738,30728,46,0.9965299173017674,0.345827605860462,0.21820154979428105,0.06563064313932943,0.19459849552169464,""
P_TO_V,250,0.3,not_applicable,10,0.14587654929529253,0.2050713010833994,0.2618180429596514,0.17596859022970354,30735,44,0.9967569320577266,0.3399839314408141,0.1941073821455216,0.07816588848116274,0.16401534121111058,""
P_TO_V,250,0.3,not_applicable,20,0.1815262217065082,0.2050713010833994,0.24026243449758553,0.22401814981359836,30754,35,0.9973731149667585,0.29399599733155435,0.11246977562504615,0.05373356283396882,0.069977847517956,""
P_TO_V,500,0.1,not_applicable,1,0.02841911758105835,0.0450149455363822,0.11790408480600957,0.0415949906023274,14374,30,0.9957051814907176,0.13887502673415555,0.1104559091530972,0.020970941928145984,0.09728003613182815,""
P_TO_V,500,0.1,not_applicable,3,0.029716596209971427,0.0450149455363822,0.10531589838988822,0.044192160221524474,14377,28,0.9959129952895539,0.1440985825201225,0.11438198631015108,0.03878268413023428,0.09990642229859803,""
P_TO_V,500,0.1,not_applicable,5,0.03121119587849164,0.0450149455363822,0.0960549141165091,0.047369215515985816,14378,27,0.9959822665558327,0.14105757597324034,0.1098463800947487,0.04500266185673124,0.09368836045725452,""
P_TO_V,500,0.1,not_applicable,10,0.03497696225042438,0.0450149455363822,0.07905949811042787,0.055754114679026245,14378,27,0.9959822665558327,0.12409484594632969,0.08911788369590531,0.04503534783590182,0.06834073126730345,""
P_TO_V,500,0.1,not_applicable,20,0.041167906826269814,0.0450149455363822,0.0588825957083826,0.07000751284735122,14405,18,0.9978525907453588,0.08683374514648783,0.04566583832021801,0.027951149438105227,0.0168262322991366,""
P_TO_V,500,0.2,not_applicable,1,0.056216282738779745,0.10306265130974664,0.1926453969699175,0.07455318953069238,20090,49,0.9950963395908663,0.2144788531197388,0.15826257038095906,0.021833456149821295,0.1399256635890464,""
P_TO_V,500,0.2,not_applicable,3,0.059188798939305724,0.10306265130974664,0.1789082033188525,0.07952475004736127,20104,44,0.9957897865174105,0.22368890474491615,0.16450010580561042,0.04478070142606366,0.1441641546975549,""
P_TO_V,500,0.2,not_applicable,5,0.06263184349760487,0.10306265130974664,0.16871108281032804,0.08544289842469177,20108,41,0.9959879142107088,0.22313292266965332,0.16050107917204845,0.05442183985932528,0.13769002424496155,""
P_TO_V,500,0.2,not_applicable,10,0.07154832845167154,0.10306265130974664,0.15015572689325885,0.10143753179872998,20117,35,0.99643370152063,0.2136075145976136,0.14205918614594204,0.06345178770435475,0.11216998279888361,""
P_TO_V,500,0.2,not_applicable,20,0.08849922598819215,0.10306265130974664,0.12722259932692925,0.1330166917355622,20132,28,0.9971766803704988,0.1779113220886779,0.08941209610048576,0.050688722761748656,0.04489463035311572,""
P_TO_V,500,0.3,not_applicable,1,0.0866893195260208,0.17389455111310315,0.2510737824283992,0.11176006949813744,23365,65,0.9942553191489362,0.2786207503188635,0.19193143079284272,0.027546967890464347,0.16686068082072608,""
P_TO_V,500,0.3,not_applicable,3,0.09118312840417278,0.17389455111310315,0.237906463739094,0.11862491692548127,23377,60,0.9947659574468085,0.2949241924851681,0.20374106408099532,0.05701772874607411,0.17629927555968683,""
P_TO_V,500,0.3,not_applicable,5,0.09669580678619055,0.17389455111310315,0.22914758296786947,0.1272642956097622,23386,55,0.9951489361702127,0.29657260718830913,0.19987680040211858,0.06742502422043967,0.16930831157854692,""
P_TO_V,500,0.3,not_applicable,10,0.11140104467360225,0.17389455111310315,0.21436477192262515,0.14995792687049506,23403,48,0.995872340425532,0.2962671217889808,0.18486607711537856,0.08190234986635564,0.14630919491848574,""
P_TO_V,500,0.3,not_applicable,20,0.141335720058205,0.17389455111310315,0.19847494397264115,0.1988159112685268,23425,38,0.9968085106382979,0.26673052640745415,0.12539480634924915,0.068255582434813,0.06791461513892735,""
P_TO_PCT,120,0.1,not_applicable,1,0.00043398201090765365,0.004161640530759952,0.00042184907086348334,0.0006022611917519126,26651,4,0.9998499343462764,0.025940740165430468,0.025506758154522816,0.025518891094566985,0.025338478973678556,""
P_TO_PCT,120,0.1,not_applicable,3,0.0011313941017995924,0.004161640530759952,0.0010997634432505141,0.0015436288522059213,26651,4,0.9998499343462764,0.022816770905721567,0.021685376803921973,0.021717007462471054,0.021273142053515645,""
P_TO_PCT,120,0.1,not_applicable,5,0.0017000814397335172,0.004161640530759952,0.0016525518517320396,0.0023480298838540396,26649,5,0.9997749015194147,0.019307538768616614,0.017607457328883098,0.017654986916884573,0.016959508884762574,""
P_TO_PCT,120,0.1,not_applicable,10,0.0026277752081406104,0.004161640530759952,0.0025543098610787676,0.0035887986428138285,26649,5,0.9997749015194147,0.013990012579575344,0.011362237371434734,0.011435702718496577,0.010401213936761515,""
P_TO_PCT,120,0.1,not_applicable,20,0.0034408155016262634,0.004161640530759952,0.003344619790433141,0.004491480343913475,26649,5,0.9997749015194147,0.009055088277638857,0.0056142727760125945,0.0057104684872057165,0.0045636079337253825,""
P_TO_PCT,120,0.2,not_applicable,1,0.0020403460157044813,0.02483259833833729,0.0018442220370263871,0.0027417684812578672,34077,2,0.9999413128319493,0.0833358495123645,0.08129550349666002,0.08149162747533811,0.08059408103110663,""
P_TO_PCT,120,0.2,not_applicable,3,0.0053024351924587584,0.02483259833833729,0.0047927497378234115,0.007013662410123138,34075,4,0.9998826256638986,0.08084786530366807,0.07554543011120932,0.07605511556584466,0.07383420289354493,""
P_TO_PCT,120,0.2,not_applicable,5,0.008287243805938493,0.02483259833833729,0.007490649887560946,0.010957422271904743,34071,7,0.9997652513277971,0.07448912326961107,0.06620187946367258,0.06699847338205013,0.06353170099770633,""
P_TO_PCT,120,0.2,not_applicable,10,0.013375532073418033,0.02483259833833729,0.012089837124137847,0.017211408875204365,34068,8,0.9996772205757212,0.05672638387933347,0.04335085180591544,0.04463654675519563,0.03951497500412911,""
P_TO_PCT,120,0.2,not_applicable,20,0.018822048312424476,0.02483259833833729,0.017012818420292956,0.023192223879498167,34066,9,0.9996185334076704,0.04722938717424175,0.028407338861817275,0.030216568753948795,0.024037163294743584,""
P_TO_PCT,120,0.3,not_applicable,1,0.004631602231581925,0.06409515192697794,0.0038622657017379994,0.006067470292844666,38933,5,0.9998715907339873,0.1482125909522303,0.14358098872064837,0.1443503252504923,0.14214512065938564,""
P_TO_PCT,120,0.3,not_applicable,3,0.012137159997273161,0.06409515192697794,0.010121105921905512,0.015577127032182295,38933,5,0.9998715907339873,0.1459127098825446,0.13377554988527143,0.13579160396063908,0.13033558285036229,""
P_TO_PCT,120,0.3,not_applicable,5,0.019038560875019473,0.06409515192697794,0.015876143287227806,0.02432369551116121,38931,6,0.9998202270275823,0.1370247110924766,0.11798615021745713,0.1211485678052488,0.1127010155813154,""
P_TO_PCT,120,0.3,not_applicable,10,0.031799280372061006,0.06409515192697794,0.026517231787198038,0.03972399888775976,38931,6,0.9998202270275823,0.11878373797167967,0.08698445759961866,0.09226650618448162,0.07905973908391992,""
P_TO_PCT,120,0.3,not_applicable,20,0.046182638596801925,0.06409515192697794,0.03851142912314977,0.05505835154204872,38924,11,0.9996404540551647,0.09998960607005508,0.053806967473253156,0.061478176946905314,0.044931254528006365,""
P_TO_PCT,250,0.1,not_applicable,1,0.0002978133712926005,0.003596628831483326,0.000290174244423393,0.0005978960378907682,19245,0,1.0,0.02332673479214595,0.02302892142085335,0.02303656054772256,0.022728838754255184,""
P_TO_PCT,250,0.1,not_applicable,3,0.0008036472290787362,0.003596628831483326,0.0007830331004572653,0.0015716710348879519,19245,0,1.0,0.021064950263311878,0.020261303034233142,0.020281917162854612,0.019493279228423928,""
P_TO_PCT,250,0.1,not_applicable,5,0.0012330726733696395,0.003596628831483326,0.001201443473680117,0.002439885783364063,19243,2,0.9998960769030917,0.017259635747564592,0.016026563074194953,0.016058192273884477,0.014819749964200529,""
P_TO_PCT,250,0.1,not_applicable,10,0.0018991737607359867,0.003596628831483326,0.001850458589748321,0.003695672189139106,19238,6,0.999636269160821,0.012901527119536599,0.011002353358800612,0.011051068529788278,0.009205854930397493,""
P_TO_PCT,250,0.1,not_applicable,20,0.00259310871432662,0.003596628831483326,0.002526593613381316,0.004805231105321612,19240,5,0.9997401922577293,0.010629385275945126,0.008036276561618505,0.008102791662563811,0.005824154170623514,""
P_TO_PCT,250,0.2,not_applicable,1,0.001549432717211257,0.023020328249996176,0.0014150670409140143,0.0026572085789891785,26381,4,0.9998483987113891,0.07817919638333529,0.07662976366612403,0.07676412934242127,0.0755219878043461,""
P_TO_PCT,250,0.2,not_applicable,3,0.004121227063484291,0.023020328249996176,0.003763837255325189,0.007067034648655454,26381,4,0.9998483987113891,0.07603677697171897,0.07191554990823468,0.07227293971639379,0.06896974232306352,""
P_TO_PCT,250,0.2,not_applicable,5,0.006483575787206759,0.023020328249996176,0.0059213248189682426,0.011074891542994686,26381,4,0.9998483987113891,0.06660739137157878,0.06012381558437203,0.06068606655261054,0.055532499828584096,""
P_TO_PCT,250,0.2,not_applicable,10,0.010596919606764092,0.023020328249996176,0.009677962459535972,0.017845535837619567,26378,6,0.9997346977449308,0.05512568810871155,0.04452876850194746,0.04544772564917558,0.037280152271091986,""
P_TO_PCT,250,0.2,not_applicable,20,0.014905005386733245,0.023020328249996176,0.013612454179600447,0.023903972594268363,26377,7,0.9996967974227781,0.04593963967410014,0.031034634287366896,0.03232718549449969,0.02203566707983178,""
P_TO_PCT,250,0.3,not_applicable,1,0.0036866219475501145,0.06141659671407428,0.003100473269721228,0.005785631284471721,30832,3,0.9999027079617318,0.14288092701118807,0.13919430506363795,0.13978045374146683,0.13709529572671636,""
P_TO_PCT,250,0.3,not_applicable,3,0.009820013987810622,0.06141659671407428,0.008258696256535946,0.015322421505021406,30827,6,0.9997405545646181,0.14343976922311746,0.13361975523530684,0.13518107296658152,0.12811734771809605,""
P_TO_PCT,250,0.3,not_applicable,5,0.015601934674229392,0.06141659671407428,0.013121329526487183,0.02440313605324574,30821,10,0.9995459704880817,0.13765984866007996,0.12205791398585057,0.12453851913359278,0.11325671260683423,""
P_TO_PCT,250,0.3,not_applicable,10,0.026539185583652276,0.06141659671407428,0.02231962937153493,0.04114278608766157,30822,11,0.9995784011675044,0.11769544617004475,0.09115626058639248,0.09537581679850982,0.07655266008238318,""
P_TO_PCT,250,0.3,not_applicable,20,0.03825331828394488,0.06141659671407428,0.03217129190486304,0.05681763581748613,30819,12,0.9994811091292363,0.09908641409345427,0.06083309580950939,0.06691512218859122,0.04226877827596814,""
P_TO_PCT,500,0.1,not_applicable,1,0.0002491576918169372,0.0035237650863805,0.00024314280860068054,0.0005854215544172941,14434,2,0.9998614574674425,0.023019347549781105,0.022770189857964168,0.022776204741180424,0.022433925995363813,""
P_TO_PCT,500,0.1,not_applicable,3,0.0007107412608187255,0.0035237650863805,0.0006935833490977395,0.0017853741149932195,14434,2,0.9998614574674425,0.02167487684729064,0.020964135586471914,0.0209812934981929,0.01988950273229742,""
P_TO_PCT,500,0.1,not_applicable,5,0.0010967918837400603,0.0035237650863805,0.0010703143744762416,0.0028252296894394563,14434,2,0.9998614574674425,0.016680684048219794,0.015583892164479734,0.015610369673743553,0.013855454358780338,""
P_TO_PCT,500,0.1,not_applicable,10,0.001716381239788096,0.0035237650863805,0.001674946305001959,0.004294874638399443,14434,2,0.9998614574674425,0.012088603172384879,0.010372221932596782,0.01041365686738292,0.0077937285339854355,""
P_TO_PCT,500,0.1,not_applicable,20,0.0023218021240643074,0.0035237650863805,0.002265751802977836,0.005577389325868321,14432,3,0.999722914934885,0.008554141456290423,0.006232339332226116,0.006288389653312587,0.002976752130422102,""
P_TO_PCT,500,0.2,not_applicable,1,0.001338944517002854,0.02338091967083028,0.0012284137872142244,0.002664652673872417,20187,2,0.9999009361533508,0.07976545518879846,0.07842651067179561,0.07853704140158424,0.07710080251492604,""
P_TO_PCT,500,0.2,not_applicable,3,0.0037402095797063094,0.02338091967083028,0.003431452876827574,0.0075810926831544785,20187,2,0.9999009361533508,0.0779377706172591,0.07419756103755279,0.07450631774043152,0.07035667793410462,""
P_TO_PCT,500,0.2,not_applicable,5,0.0059300516171896705,0.02338091967083028,0.005440522047734911,0.012018901393820378,20188,1,0.9999504680766754,0.06682733343375007,0.06089728181656039,0.06138681138601516,0.05480843203992969,""
P_TO_PCT,500,0.2,not_applicable,10,0.009468357344879429,0.02338091967083028,0.008686738365198567,0.01917234165927683,20184,4,0.9997523403833771,0.05733853229354129,0.047870174948661866,0.04865179392834273,0.03816619063426446,""
P_TO_PCT,500,0.2,not_applicable,20,0.013366570299132692,0.02338091967083028,0.012263151336529771,0.02592567094356797,20187,2,0.9999009361533508,0.05001992825827023,0.03665335795913754,0.03775677692174046,0.024094257314702258,""
P_TO_PCT,500,0.3,not_applicable,1,0.0031480534100094136,0.06309258300932562,0.0026694367084569457,0.005574908188826482,23498,2,0.9999148936170212,0.1400122014990413,0.13686414808903188,0.13734276479058435,0.13443729331021484,""
P_TO_PCT,500,0.3,not_applicable,3,0.008671487440615239,0.06309258300932562,0.0073531112328975605,0.015517255382828886,23497,3,0.999872340425532,0.13910100659493232,0.13042951915431708,0.13174789536203477,0.12358375121210344,""
P_TO_PCT,500,0.3,not_applicable,5,0.01388025620703528,0.06309258300932562,0.011769960866622194,0.024967373858543314,23491,6,0.9996170212765958,0.13411418939361197,0.12023393318657669,0.12234422852698978,0.10914681553506866,""
P_TO_PCT,500,0.3,not_applicable,10,0.023804407831884884,0.06309258300932562,0.020185286528961243,0.042524947257589124,23490,9,0.9995744680851064,0.1146941059973307,0.09088969816544581,0.09450881946836945,0.07216915873974157,""
P_TO_PCT,500,0.3,not_applicable,20,0.03475028374951782,0.06309258300932562,0.02946699785185041,0.06000882981897459,23483,13,0.9992765957446809,0.10709533416319698,0.07234505041367917,0.07762833631134658,0.047086504344222395,""
P_TO_PCVT,120,0.1,not_applicable,1,5.5234628812534384e-05,0.000710796583450193,5.504635845104361e-05,6.83881452717089e-05,26651,4,0.9998499343462764,0.003846452715828736,0.0037912180870162014,0.0037914063573776923,0.0037780645705570272,""
P_TO_PCVT,120,0.1,not_applicable,3,0.00017611088228676746,0.000710796583450193,0.00017551059836736028,0.00022417059696187023,26651,4,0.9998499343462764,0.0035533583098373953,0.0033772474275506276,0.003377847711470035,0.003329187712875525,""
P_TO_PCVT,120,0.1,not_applicable,5,0.0002772367061398929,0.000710796583450193,0.0002762917291208453,0.0003490213172098534,26649,5,0.9997749015194147,0.00307243259850987,0.0027951958923699773,0.0027961408693890247,0.0027234112813000165,""
P_TO_PCVT,120,0.1,not_applicable,10,0.0004784633664740285,0.000710796583450193,0.0004768324969832261,0.000572809941395936,26649,5,0.9997749015194147,0.0025169704828007016,0.0020385071163266733,0.0020401379858174754,0.0019441605414047655,""
P_TO_PCVT,120,0.1,not_applicable,20,0.0006645107630386609,0.000710796583450193,0.0006622457404566062,0.0007629881444568494,26649,5,0.9997749015194147,0.001288659793814433,0.0006241490307757721,0.0006264140533578268,0.0005256716493575836,""
P_TO_PCVT,120,0.2,not_applicable,1,0.0003629536720151477,0.006722890543250513,0.0003567845190518642,0.00047491569463178765,34077,2,0.9999413128319493,0.01702346395742622,0.016660510285411073,0.016666679438374358,0.016548548262794432,""
P_TO_PCVT,120,0.2,not_applicable,3,0.0010810288690248605,0.006722890543250513,0.0010626545337723398,0.0013608936634916392,34075,4,0.9998826256638986,0.018632792510761265,0.017551763641736405,0.017570137976988927,0.017271898847269627,""
P_TO_PCVT,120,0.2,not_applicable,5,0.0018381893310813698,0.006722890543250513,0.0018069454781236198,0.0022707156966730014,34071,7,0.9997652513277971,0.020963291746641074,0.019125102415559703,0.019156346268517453,0.018692576049968074,""
P_TO_PCVT,120,0.2,not_applicable,10,0.0034620939593183707,0.006722890543250513,0.0034032484678546463,0.004121018906227745,34068,8,0.9996772205757212,0.01721719929579566,0.01375510533647729,0.013813950827941015,0.013096180389567915,""
P_TO_PCVT,120,0.2,not_applicable,20,0.005757631369670276,0.006722890543250513,0.005659768442899245,0.006604348818104791,34066,9,0.9996185334076704,0.01246586726819423,0.006708235898523953,0.006806098825294984,0.005861518450089438,""
P_TO_PCVT,120,0.3,not_applicable,1,0.0011196665116359188,0.024561531024448746,0.0010736255393363691,0.0013787298982629388,38933,5,0.9998715907339873,0.040598008399587944,0.039478341887952025,0.039524382860251575,0.039219278501325006,""
P_TO_PCVT,120,0.3,not_applicable,3,0.0033327212132341576,0.024561531024448746,0.0031956788676196176,0.0040182509984971505,38933,5,0.9998715907339873,0.04641183593955668,0.043079114726322525,0.043216157071937066,0.042393584941059534,""
P_TO_PCVT,120,0.3,not_applicable,5,0.00569068722907727,0.024561531024448746,0.00545668471997611,0.006882617759525178,38931,6,0.9998202270275823,0.047785333578386324,0.04209464634930905,0.042328648858410214,0.040902715818861145,""
P_TO_PCVT,120,0.3,not_applicable,10,0.011034212468568519,0.024561531024448746,0.01058048283985037,0.013060894141226536,38931,6,0.9998202270275823,0.04932817483139018,0.03829396236282166,0.03874769199153981,0.03626728069016365,""
P_TO_PCVT,120,0.3,not_applicable,20,0.019528556753079778,0.024561531024448746,0.01872553752264387,0.022024711266901434,38924,11,0.9996404540551647,0.04196605227533062,0.022437495522250845,0.023240514752686754,0.01994134100842919,""
P_TO_PCVT,250,0.1,not_applicable,1,2.488066704314383e-05,0.0004056066503584516,2.4828258400708908e-05,6.593348674377452e-05,19245,0,1.0,0.0019799860865842562,0.0019551054195411123,0.0019551578281835473,0.0019140525998404818,""
P_TO_PCVT,250,0.1,not_applicable,3,8.53500750400881e-05,0.0004056066503584516,8.517029362358454e-05,0.0001909519721310631,19245,0,1.0,0.002500265985743164,0.002414915910703076,0.0024150956921195794,0.002309314013612101,""
P_TO_PCVT,250,0.1,not_applicable,5,0.00012633397710707297,0.0004056066503584516,0.0001260678671904013,0.00028717254578899184,19243,2,0.9998960769030917,0.0018003706645485836,0.0016740366874415107,0.0016743027973581824,0.0015131981187595919,""
P_TO_PCVT,250,0.1,not_applicable,10,0.0002064680676638366,0.0004056066503584516,0.00020603316328150393,0.0004397795750451426,19238,6,0.999636269160821,0.0015272803876132295,0.001320812319949393,0.0013212472243317255,0.001087500812568087,""
P_TO_PCVT,250,0.1,not_applicable,20,0.0003207091030988135,0.0004056066503584516,0.0003200335613747599,0.0006374215419345842,19240,5,0.9997401922577293,0.0015709273707912239,0.0012502182676924103,0.0012508938094164639,0.0009335058288566396,""
P_TO_PCVT,250,0.2,not_applicable,1,0.00021653465354876705,0.005228267767130559,0.00021389823932308394,0.0003711726626378188,26381,4,0.9998483987113891,0.01181332605559671,0.011596791402047944,0.011599427816273626,0.011442153392958891,""
P_TO_PCVT,250,0.2,not_applicable,3,0.0006298930701629954,0.005228267767130559,0.0006222238171191036,0.0010097765083367984,26381,4,0.9998483987113891,0.013624189729456972,0.012994296659293978,0.01300196591233787,0.012614413221120174,""
P_TO_PCVT,250,0.2,not_applicable,5,0.0010633033459796222,0.005228267767130559,0.0010503571130251552,0.0017090261538738113,26381,4,0.9998483987113891,0.01365200912712225,0.012588705781142628,0.012601652014097095,0.011942982973248438,""
P_TO_PCVT,250,0.2,not_applicable,10,0.0020621113370261094,0.005228267767130559,0.0020370041332839904,0.00325171828494012,26378,6,0.9997346977449308,0.012899996149254881,0.010837884812228773,0.010862992015970891,0.009648277864314762,""
P_TO_PCVT,250,0.2,not_applicable,20,0.0036402598890734055,0.005228267767130559,0.0035959379627699315,0.005577967972047792,26377,7,0.9996967974227781,0.011365810722896177,0.007725550833822772,0.0077698727601262455,0.005787842750848386,""
P_TO_PCVT,250,0.3,not_applicable,1,0.0006938874307655068,0.02099598909503915,0.0006730554285120189,0.0009767272272377795,30832,3,0.9999027079617318,0.03152732368052312,0.030833436249757613,0.0308542682520111,0.03055059645328534,""
P_TO_PCVT,250,0.3,not_applicable,3,0.002189806029437236,0.02099598909503915,0.002124063313663279,0.0031663047738386906,30827,6,0.9997405545646181,0.036955872098814624,0.03476606606937739,0.034831808785151346,0.033789567324975935,""
P_TO_PCVT,250,0.3,not_applicable,5,0.0037788973097532177,0.02099598909503915,0.003665446634928872,0.0055449261150937075,30821,10,0.9995459704880817,0.03824268889771073,0.03446379158795751,0.03457724226278186,0.03269776278261702,""
P_TO_PCVT,250,0.3,not_applicable,10,0.007555931621933187,0.02099598909503915,0.007329086203503196,0.011020598945005669,30822,11,0.9995784011675044,0.040669147429775745,0.03311321580784256,0.03334006122627255,0.029648548484770075,""
P_TO_PCVT,250,0.3,not_applicable,20,0.01361555401019935,0.02099598909503915,0.013206785614567736,0.019304985701911435,30819,12,0.9994811091292363,0.03766348706854165,0.024047933058342297,0.02445670145397391,0.01835850136663021,""
P_TO_PCVT,500,0.1,not_applicable,1,1.3794233148404395e-05,0.0003526160080068152,1.377659722279382e-05,3.923623843036268e-05,14434,2,0.9998614574674425,0.0011302627860977678,0.0011164685529493634,0.001116486188874974,0.001091026547667405,""
P_TO_PCVT,500,0.1,not_applicable,3,4.836195468657567e-05,0.0003526160080068152,4.830012393266145e-05,0.0001341396484024194,14434,2,0.9998614574674425,0.0020413909615655357,0.00199302900687896,0.0019930908376328744,0.0019072513131631163,""
P_TO_PCVT,500,0.1,not_applicable,5,9.60139505675203e-05,0.0003526160080068152,9.589119674194922e-05,0.00025815317155074746,14434,2,0.9998614574674425,0.0014019346698443853,0.001305920719276865,0.0013060434731024361,0.0011437814982936379,""
P_TO_PCVT,500,0.1,not_applicable,10,0.00015453816962560958,0.0003526160080068152,0.00015434059259220801,0.00040682735697347656,14434,2,0.9998614574674425,0.0014677103718199608,0.0013131722021943511,0.0013133697792277528,0.0010608830148464842,""
P_TO_PCVT,500,0.1,not_applicable,20,0.00025001988794563204,0.0003526160080068152,0.0002497002375455311,0.0006223641067682245,14432,3,0.999722914934885,0.0007651109410864575,0.0005150910531408255,0.0005154107035409265,0.000142746834318233,""
P_TO_PCVT,500,0.2,not_applicable,1,0.00013157525572521668,0.004691534822782014,0.00013049841472421222,0.00024603597285471104,20187,2,0.9999009361533508,0.009715124222031067,0.00958354896630585,0.009584625807306854,0.009469088249176357,""
P_TO_PCVT,500,0.2,not_applicable,3,0.0004682787218220793,0.004691534822782014,0.00046444622516625606,0.0008963853407204865,20187,2,0.9999009361533508,0.013203648641838431,0.012735369920016353,0.012739202416672176,0.012307263301117945,""
P_TO_PCVT,500,0.2,not_applicable,5,0.0008451360960540887,0.004691534822782014,0.0008382193152760942,0.0016137058562781998,20188,1,0.9999504680766754,0.009296949595457057,0.00845181349940297,0.008458730280180963,0.007683243739178858,""
P_TO_PCVT,500,0.2,not_applicable,10,0.0014987193560190267,0.004691534822782014,0.001486453505250469,0.0029499100050642516,20184,4,0.9997523403833771,0.011154461784713885,0.00965574242869486,0.009668008279463416,0.008204551779649634,""
P_TO_PCVT,500,0.2,not_applicable,20,0.0027134439888708475,0.004691534822782014,0.0026912365629757577,0.0051850281757808425,20187,2,0.9999009361533508,0.012559182656366808,0.009845738667495961,0.00986794609339105,0.007374154480585966,""
P_TO_PCVT,500,0.3,not_applicable,1,0.00047124582342026293,0.019461889710611423,0.000460193723209168,0.0008030748213483768,23498,2,0.9999148936170212,0.02467033446860536,0.024199088645185097,0.024210140745396194,0.023867259647256986,""
P_TO_PCVT,500,0.3,not_applicable,3,0.0015422106331594973,0.019461889710611423,0.0015060412590935668,0.002676019487691998,23497,3,0.999872340425532,0.029572932069235454,0.028030721436075958,0.028066890810141888,0.026896912581543454,""
P_TO_PCVT,500,0.3,not_applicable,5,0.002756461072388352,0.019461889710611423,0.0026918139551387853,0.004945011851817696,23491,6,0.9996170212765958,0.03148140129043433,0.028724940218045978,0.028789587335295543,0.026536389438616633,""
P_TO_PCVT,500,0.3,not_applicable,10,0.005580877530436891,0.019461889710611423,0.005449989542327914,0.009715189274909445,23490,9,0.9995744680851064,0.03405759613726505,0.02847671860682816,0.028607606594937135,0.024342406862355604,""
P_TO_PCVT,500,0.3,not_applicable,20,0.010511388913604413,0.019461889710611423,0.01026486593587747,0.01843394017564723,23483,13,0.9992765957446809,0.0374715310901981,0.02696014217659369,0.02720666515432063,0.019037590914550873,""
